{"Auto Melee":false,"Tween To Prehistoric Island":false,"Mastery Health":"45","Attack Sea Beasts":true,"Auto Summon Mirage Island":false,"Auto Buy Chips":false,"Auto Dough King":false,"Auto Trade Azure Ember":false,"Auto Collect Azure Ember":false,"Auto Farm Sea":false,"Neareast Range":"Infinite","Choose Mastery Tool":"Blox Fruit","Point Stats":"1","Auto Ken":true,"No Clip Rock":true,"Bring Mob Radius":"300","Choose Chips":"","Remove Notifications":true,"Auto Get Serpent Bow":false,"Remove Damage":true,"Auto Gun":false,"Auto Store Gift":false,"Walk On Water":false,"Auto Demon Fruit":false,"Auto Cake Prince":false,"Auto Rainbow Haki":false,"Anti-Flag":false,"ESP Mirage Island":false,"ESP Kitsune Island":false,"ESP Berry":false,"Auto Buy Legendary Sword":false,"Auto Buy Haki Color":false,"Skill":["Z","X","C","V"],"Auto Buy Fruits Sniper (Mirage Island)":false,"ESP Devil Fruit":false,"ESP Flower":false,"ESP Island":false,"No Quest":true,"ESP Chest":false,"Sniper Fruits (Mirage Island)":[""],"Auto Attack Leviathan Tail":false,"Auto Farm Raid":false,"Tween To Mirage Island":false,"Auto Random Fruit":false,"Enable Walkspeed":false,"Auto Gets Fruit Spawner":false,"Auto Hop If Chest Is Not Found":false,"Auto Collect Gift":false,"Auto Attack Leviathan Segment":false,"Auto Attack Boss":false,"Auto Defense":false,"Choose Spawner Fruit":[""],"Auto Farm Neareast":true,"Auto Wood Planks":false,"Bring Mob":true,"Auto Eat Fruit":false,"Choose Mastery Mode":"Level","Sniper Fruits":[""],"Auto Monster Magnet":false,"Auto Store Fruit":false,"Take Quest":true,"Choose Material":"","Auto Buy True Triple Katana":false,"Auto Citizen Quest":false,"ESP Player":false,"Disable Auto Collect Chest If Have Item":false,"Auto Get Sword":false,"Auto Buy Fruits Sniper":false,"Auto Collect Berry":false,"Attack Fish Crew Member":true,"Tween To Island":false,"Select Island":"Fountain City","Farm Distance":"20","Auto Elite Hunter":false,"Auto Drop Fruit":false,"Auto Farm Level":false,"Auto Farm Bones":false,"Auto Attack All Boss":false,"Auto Collect Chest":false,"Auto Attack Leviathan":false,"Auto Open Gift":false,"Auto Terror Jaw":false,"Attack Piranha":true,"Auto Use Race V3":false,"Auto Shark Tooth Necklace":false,"Weapon Tool":"Melee","Auto Find Fruit":false,"Auto Summon Kitsune Island":false,"Kill Aura":false,"Auto Find Leviathan":false,"Set Speed":"","Tween to Frozen Dimension":false,"Attack Shark":true,"Auto Farm Material":false,"Auto Dodge Sea Beasts Skill":true,"Auto Dodge Terrorshark Skill":true,"Terrorshark":true,"Auto Farm Mastery":false,"Auto Haki":true,"Auto Dodge Rough Sea":true,"No Fog":false,"Protect Boat":true,"Auto Shark Anchor":false,"Auto Dojo Quests":false,"Fast Attack Delay":"0","Auto Sword":false,"Auto Soul Reaper":false,"Choose Equip ":"Random","Auto Dodge Skill":false,"Auto Use Race V4":false,"Choose Sword":"","Auto Summon Prehistoric Island":false,"Select Buy Boat":"PirateBrigade","Skill  ":["Z","X","C","V"],"Auto Trade Bones":false,"Count Player":"5","Select Level Danger":"6","Fast Attack":true,"Tween to Kitsune Island":false,"Tween Speed":"300","Choose Boss":"","Attack Ghost Ship":true}