{"hashes":{"1ab07e887acca305058eeab9053c96dc531c2c5c067ab4f30afa2b31f1edd966":{"appid":"oankkpibpaokgecfckkdkgaoafllipag","fp":""},"89f43cb3df807293de2772d5f01ac2fc1482b38ccc8fdaee859b80642b7a0487":{"appid":"pghocgajpebopihickglahgebcmkcekh","fp":""},"95fd9d48e4fc245a3f3a99a3a16ecd1355050ba3f4afc555f19a97c7f9b49677":{"appid":"ohckeflnhegojcjlcpbfpciadgikcohk","fp":""},"a99d66cfce8ca170740ce0403956f4dfaf4683829a89f4b7ad9c95303871e284":{"appid":"eeobbhfgfagbclfofmgbdfoicabjdbkn","fp":""},"b987bdc4f2ad2a409b964921d4a5db1cdbe07f9c98f868293b4cc32acdc42cec":{"appid":"alpjnmnfbgfkmmpcfpejmmoebdndedno","fp":""},"c4718b246ca121aec0b7b33c8c69700d1e2ff60d9cd61a6f7851bc99e5390177":{"appid":"fgbafbciocncjfbbonhocjaohoknlaco","fp":""}}}